epoch,accuracy,loss,val_accuracy,val_loss
0,0.8646166920661926,0.4932355582714081,0.9199000000953674,0.2887151539325714
1,0.9190666675567627,0.28145715594291687,0.9232000112533569,0.26274895668029785
2,0.9264166951179504,0.2581089437007904,0.9291999936103821,0.2465687245130539
3,0.9302833080291748,0.24639537930488586,0.9261000156402588,0.24906118214130402
4,0.9333999752998352,0.23825636506080627,0.9305999875068665,0.23725251853466034
