epoch,accuracy,loss,val_accuracy,val_loss
0,0.9401500225067139,0.20336011052131653,0.9629999995231628,0.12303100526332855
1,0.9736999869346619,0.09028265625238419,0.9745000004768372,0.0873543918132782
2,0.9809333086013794,0.06494902074337006,0.9797000288963318,0.0768708735704422
3,0.9866833090782166,0.049866244196891785,0.9790999889373779,0.08296608924865723
4,0.9891499876976013,0.03958076238632202,0.9797000288963318,0.08754266053438187
5,0.9911666512489319,0.03275228291749954,0.9789999723434448,0.10183990746736526
6,0.9930499792098999,0.02652885764837265,0.98089998960495,0.0909482091665268
