epoch,accuracy,loss,val_accuracy,val_loss
0,0.8835833072662354,0.4363192021846771,0.9153000116348267,0.302347332239151
1,0.9166333079338074,0.3018975555896759,0.9208999872207642,0.2891515791416168
2,0.9208666682243347,0.2893306314945221,0.9247999787330627,0.28075462579727173
3,0.9231833219528198,0.28451260924339294,0.9241999983787537,0.2818477749824524
4,0.9248833060264587,0.28090807795524597,0.9243999719619751,0.28566062450408936
