epoch,accuracy,loss,val_accuracy,val_loss
0,0.9402833580970764,0.2027246356010437,0.9682999849319458,0.10241863131523132
1,0.9740166664123535,0.090268075466156,0.9746000170707703,0.09220041334629059
2,0.9817166924476624,0.06506520509719849,0.9776999950408936,0.08072102814912796
3,0.985966682434082,0.05077096074819565,0.979200005531311,0.0864729955792427
4,0.9889833331108093,0.042135197669267654,0.9814000129699707,0.07794096320867538
