epoch,accuracy,loss,val_accuracy,val_loss
0,0.9405166506767273,0.19913266599178314,0.9668999910354614,0.1125907450914383
1,0.9743666648864746,0.089418925344944,0.9732000231742859,0.09125161170959473
2,0.9814000129699707,0.06470660865306854,0.9807000160217285,0.07265321910381317
3,0.9858999848365784,0.05074942484498024,0.9785000085830688,0.08591382950544357
4,0.9895666837692261,0.040036607533693314,0.9805999994277954,0.08161117881536484
5,0.9909166693687439,0.03320689871907234,0.98089998960495,0.0894312784075737
6,0.9926999807357788,0.027662111446261406,0.9810000061988831,0.08761464804410934
