epoch,accuracy,loss,val_accuracy,val_loss
0,0.8901666402816772,0.3969134986400604,0.9302999973297119,0.2430976778268814
1,0.9341999888420105,0.2290065884590149,0.9427000284194946,0.20330820977687836
2,0.943149983882904,0.19730250537395477,0.947700023651123,0.18655191361904144
3,0.9480666518211365,0.17940548062324524,0.9476000070571899,0.18116776645183563
4,0.9511333107948303,0.16932275891304016,0.9491000175476074,0.1795663684606552
