epoch,accuracy,loss,val_accuracy,val_loss
0,0.9096666574478149,0.32296431064605713,0.9452999830245972,0.18844766914844513
1,0.951200008392334,0.1697981208562851,0.9559999704360962,0.15332137048244476
2,0.9627666473388672,0.13220861554145813,0.9625999927520752,0.12862828373908997
3,0.9681000113487244,0.11293848603963852,0.965399980545044,0.11941417306661606
4,0.9718166589736938,0.10030274838209152,0.9674000144004822,0.1128288060426712
