epoch,accuracy,loss,val_accuracy,val_loss
0,0.9258333444595337,0.2559588849544525,0.9542999863624573,0.15618006885051727
1,0.9643999934196472,0.12148887664079666,0.9672999978065491,0.1132354587316513
2,0.974399983882904,0.08779828995466232,0.9746999740600586,0.09103623032569885
3,0.979033350944519,0.0732080489397049,0.9735999703407288,0.09459158033132553
4,0.982866644859314,0.06097075715661049,0.9746000170707703,0.09407712519168854
