epoch,accuracy,loss,val_accuracy,val_loss
0,0.9444666504859924,0.18784932792186737,0.9704999923706055,0.10575541108846664
1,0.9759833216667175,0.08555235713720322,0.9707000255584717,0.10981351137161255
2,0.9830499887466431,0.06313053518533707,0.9786999821662903,0.09378492832183838
3,0.9865000247955322,0.04990517348051071,0.980400025844574,0.0820775255560875
4,0.9897666573524475,0.04040330648422241,0.9768999814987183,0.09667646139860153
