{"accuracy": 0.9718166589736938, "loss": 0.10030274838209152, "time_real": 14.145692825317383, "time_process": 39.992886000000006}