{"accuracy": 0.9897666573524475, "loss": 0.04040330648422241, "time_real": 36.4218111038208, "time_process": 287.866598}