{"accuracy": 0.9333999752998352, "loss": 0.23825636506080627, "time_real": 12.779258728027344, "time_process": 33.60998}