{"accuracy": 0.9891833066940308, "loss": 0.04111187905073166, "time_real": 36.09765410423279, "time_process": 165.148802}