{"accuracy": 0.9930499792098999, "loss": 0.02652885764837265, "time_real": 48.37748098373413, "time_process": 225.89729}