{"accuracy": 0.9248833060264587, "loss": 0.28090807795524597, "time_real": 12.66624402999878, "time_process": 31.302805999999997}