{"accuracy": 0.9889833331108093, "loss": 0.042135197669267654, "time_real": 35.05384969711304, "time_process": 160.58765}