{"accuracy": 0.9926999807357788, "loss": 0.027662111446261406, "time_real": 48.686779260635376, "time_process": 225.977374}