{"accuracy": 0.982866644859314, "loss": 0.06097075715661049, "time_real": 16.013909101486206, "time_process": 57.569562000000005}