{"accuracy": 0.9511333107948303, "loss": 0.16932275891304016, "time_real": 14.081054925918579, "time_process": 36.476513999999995}